Workbook

Sheet Project Plan
B2: Luận văn RISC-V trên FPGA và Computer Architecture | S2: HK1 2026–2027
B4: THÔNG TIN KẾ HOẠCH | K4: TIẾN ĐỘ CÔNG VIỆC VÀ MỐC
B5: Đề tài | C5: RV32 FPGA với custom instructions cho DSP | F5: Học viên | H5: Nguyễn Hải Minh | K5: TỔNG MỤC | O5: HOÀN THÀNH | S5: ĐANG LÀM | W5: CÓ RỦI RO | AA5: ƯU TIÊN P0
B6: Giai đoạn | C6: 2026.1A và 2026.1B, lịch đề xuất | F6: Ngày bắt đầu | H6: 46300 | K6: =COUNTA($C$10:$C$39) | O6: =COUNTIF($E$10:$E$39,"Complete") | S6: =COUNTIF($E$10:$E$39,"In Progress") | W6: =COUNTIF($E$10:$E$39,"At Risk") | AA6: =COUNTIF($F$10:$F$39,"P0")
B8: CÔNG VIỆC HỌC KỲ ĐẦU | K8: GANTT 20 TUẦN: 16 TUẦN KẾ HOẠCH VÀ 4 TUẦN TRỐNG
B9: Nhóm việc | C9: Công việc | D9: Người làm | E9: Trạng thái | F9: Ưu tiên | G9: Bắt đầu | H9: Kết thúc | I9: Số ngày | K9: =$H$6 | L9: =K9+7 | M9: =L9+7 | N9: =M9+7 | O9: =N9+7 | P9: =O9+7 | Q9: =P9+7 | R9: =Q9+7 | S9: =R9+7 | ... AD9: =AC9+7
B10: CA 1A | C10: C01 Biểu diễn số và C cơ bản | D10: Nguyễn Hải Minh | E10: Not Started | F10: P0 | G10: =IF(OR($H$6="",'Chi tiet HK1'!E8="",'Chi tiet HK1'!F8="",'Chi tiet HK1'!F8<'Chi tiet HK1'!E8),"",IF('Chi tiet HK1'!D8="Mốc",$H$6+'Chi tiet HK1'!F8*7-1,$H$6+('Chi tiet HK1'!E8-1)*7)) | H10: =IF(OR($H$6="",'Chi tiet HK1'!E8="",'Chi tiet HK1'!F8="",'Chi tiet HK1'!F8<'Chi tiet HK1'!E8),"",$H$6+'Chi tiet HK1'!F8*7-1) | I10: =IF(OR(G10="",H10="",H10<G10),"",H10-G10+1) | K10: =IF(OR($G10="",$H10="",$H10<$G10),"",IF(AND(K$9<=$H10,K$9+6>=$G10),1,"")) | L10: =IF(OR($G10="",$H10="",$H10<$G10),"",IF(AND(L$9<=$H10,L$9+6>=$G10),1,"")) | M10: =IF(OR($G10="",$H10="",$H10<$G10),"",IF(AND(M$9<=$H10,M$9+6>=$G10),1,"")) | N10: =IF(OR($G10="",$H10="",$H10<$G10),"",IF(AND(N$9<=$H10,N$9+6>=$G10),1,"")) | O10: =IF(OR($G10="",$H10="",$H10<$G10),"",IF(AND(O$9<=$H10,O$9+6>=$G10),1,"")) | P10: =IF(OR($G10="",$H10="",$H10<$G10),"",IF(AND(P$9<=$H10,P$9+6>=$G10),1,"")) | Q10: =IF(OR($G10="",$H10="",$H10<$G10),"",IF(AND(Q$9<=$H10,Q$9+6>=$G10),1,"")) | R10: =IF(OR($G10="",$H10="",$H10<$G10),"",IF(AND(R$9<=$H10,R$9+6>=$G10),1,"")) | ... AD10: =IF(OR($G10="",$H10="",$H10<$G10),"",IF(AND(AD$9<=$H10,AD$9+6>=$G10),1,""))
B11: CA 1A | C11: C02 Logic số và RTL căn bản | D11: Nguyễn Hải Minh | E11: Not Started | F11: P0 | G11: =IF(OR($H$6="",'Chi tiet HK1'!E9="",'Chi tiet HK1'!F9="",'Chi tiet HK1'!F9<'Chi tiet HK1'!E9),"",IF('Chi tiet HK1'!D9="Mốc",$H$6+'Chi tiet HK1'!F9*7-1,$H$6+('Chi tiet HK1'!E9-1)*7)) | H11: =IF(OR($H$6="",'Chi tiet HK1'!E9="",'Chi tiet HK1'!F9="",'Chi tiet HK1'!F9<'Chi tiet HK1'!E9),"",$H$6+'Chi tiet HK1'!F9*7-1) | I11: =IF(OR(G11="",H11="",H11<G11),"",H11-G11+1) | K11: =IF(OR($G11="",$H11="",$H11<$G11),"",IF(AND(K$9<=$H11,K$9+6>=$G11),1,"")) | L11: =IF(OR($G11="",$H11="",$H11<$G11),"",IF(AND(L$9<=$H11,L$9+6>=$G11),1,"")) | M11: =IF(OR($G11="",$H11="",$H11<$G11),"",IF(AND(M$9<=$H11,M$9+6>=$G11),1,"")) | N11: =IF(OR($G11="",$H11="",$H11<$G11),"",IF(AND(N$9<=$H11,N$9+6>=$G11),1,"")) | O11: =IF(OR($G11="",$H11="",$H11<$G11),"",IF(AND(O$9<=$H11,O$9+6>=$G11),1,"")) | P11: =IF(OR($G11="",$H11="",$H11<$G11),"",IF(AND(P$9<=$H11,P$9+6>=$G11),1,"")) | Q11: =IF(OR($G11="",$H11="",$H11<$G11),"",IF(AND(Q$9<=$H11,Q$9+6>=$G11),1,"")) | R11: =IF(OR($G11="",$H11="",$H11<$G11),"",IF(AND(R$9<=$H11,R$9+6>=$G11),1,"")) | ... AD11: =IF(OR($G11="",$H11="",$H11<$G11),"",IF(AND(AD$9<=$H11,AD$9+6>=$G11),1,""))
B12: CA 1A | C12: C03 RV32I và assembly | D12: Nguyễn Hải Minh | E12: Not Started | F12: P0 | G12: =IF(OR($H$6="",'Chi tiet HK1'!E10="",'Chi tiet HK1'!F10="",'Chi tiet HK1'!F10<'Chi tiet HK1'!E10),"",IF('Chi tiet HK1'!D10="Mốc",$H$6+'Chi tiet HK1'!F10*7-1,$H$6+('Chi tiet HK1'!E10-1)*7)) | H12: =IF(OR($H$6="",'Chi tiet HK1'!E10="",'Chi tiet HK1'!F10="",'Chi tiet HK1'!F10<'Chi tiet HK1'!E10),"",$H$6+'Chi tiet HK1'!F10*7-1) | I12: =IF(OR(G12="",H12="",H12<G12),"",H12-G12+1) | K12: =IF(OR($G12="",$H12="",$H12<$G12),"",IF(AND(K$9<=$H12,K$9+6>=$G12),1,"")) | L12: =IF(OR($G12="",$H12="",$H12<$G12),"",IF(AND(L$9<=$H12,L$9+6>=$G12),1,"")) | M12: =IF(OR($G12="",$H12="",$H12<$G12),"",IF(AND(M$9<=$H12,M$9+6>=$G12),1,"")) | N12: =IF(OR($G12="",$H12="",$H12<$G12),"",IF(AND(N$9<=$H12,N$9+6>=$G12),1,"")) | O12: =IF(OR($G12="",$H12="",$H12<$G12),"",IF(AND(O$9<=$H12,O$9+6>=$G12),1,"")) | P12: =IF(OR($G12="",$H12="",$H12<$G12),"",IF(AND(P$9<=$H12,P$9+6>=$G12),1,"")) | Q12: =IF(OR($G12="",$H12="",$H12<$G12),"",IF(AND(Q$9<=$H12,Q$9+6>=$G12),1,"")) | R12: =IF(OR($G12="",$H12="",$H12<$G12),"",IF(AND(R$9<=$H12,R$9+6>=$G12),1,"")) | ... AD12: =IF(OR($G12="",$H12="",$H12<$G12),"",IF(AND(AD$9<=$H12,AD$9+6>=$G12),1,""))
B13: CA 1A | C13: C04 ABI và luồng biên dịch | D13: Nguyễn Hải Minh | E13: Not Started | F13: P0 | G13: =IF(OR($H$6="",'Chi tiet HK1'!E11="",'Chi tiet HK1'!F11="",'Chi tiet HK1'!F11<'Chi tiet HK1'!E11),"",IF('Chi tiet HK1'!D11="Mốc",$H$6+'Chi tiet HK1'!F11*7-1,$H$6+('Chi tiet HK1'!E11-1)*7)) | H13: =IF(OR($H$6="",'Chi tiet HK1'!E11="",'Chi tiet HK1'!F11="",'Chi tiet HK1'!F11<'Chi tiet HK1'!E11),"",$H$6+'Chi tiet HK1'!F11*7-1) | I13: =IF(OR(G13="",H13="",H13<G13),"",H13-G13+1) | K13: =IF(OR($G13="",$H13="",$H13<$G13),"",IF(AND(K$9<=$H13,K$9+6>=$G13),1,"")) | L13: =IF(OR($G13="",$H13="",$H13<$G13),"",IF(AND(L$9<=$H13,L$9+6>=$G13),1,"")) | M13: =IF(OR($G13="",$H13="",$H13<$G13),"",IF(AND(M$9<=$H13,M$9+6>=$G13),1,"")) | N13: =IF(OR($G13="",$H13="",$H13<$G13),"",IF(AND(N$9<=$H13,N$9+6>=$G13),1,"")) | O13: =IF(OR($G13="",$H13="",$H13<$G13),"",IF(AND(O$9<=$H13,O$9+6>=$G13),1,"")) | P13: =IF(OR($G13="",$H13="",$H13<$G13),"",IF(AND(P$9<=$H13,P$9+6>=$G13),1,"")) | Q13: =IF(OR($G13="",$H13="",$H13<$G13),"",IF(AND(Q$9<=$H13,Q$9+6>=$G13),1,"")) | R13: =IF(OR($G13="",$H13="",$H13<$G13),"",IF(AND(R$9<=$H13,R$9+6>=$G13),1,"")) | ... AD13: =IF(OR($G13="",$H13="",$H13<$G13),"",IF(AND(AD$9<=$H13,AD$9+6>=$G13),1,""))
B14: CA 1A | C14: C05 Datapath và control | D14: Nguyễn Hải Minh | E14: Not Started | F14: P0 | G14: =IF(OR($H$6="",'Chi tiet HK1'!E12="",'Chi tiet HK1'!F12="",'Chi tiet HK1'!F12<'Chi tiet HK1'!E12),"",IF('Chi tiet HK1'!D12="Mốc",$H$6+'Chi tiet HK1'!F12*7-1,$H$6+('Chi tiet HK1'!E12-1)*7)) | H14: =IF(OR($H$6="",'Chi tiet HK1'!E12="",'Chi tiet HK1'!F12="",'Chi tiet HK1'!F12<'Chi tiet HK1'!E12),"",$H$6+'Chi tiet HK1'!F12*7-1) | I14: =IF(OR(G14="",H14="",H14<G14),"",H14-G14+1) | K14: =IF(OR($G14="",$H14="",$H14<$G14),"",IF(AND(K$9<=$H14,K$9+6>=$G14),1,"")) | L14: =IF(OR($G14="",$H14="",$H14<$G14),"",IF(AND(L$9<=$H14,L$9+6>=$G14),1,"")) | M14: =IF(OR($G14="",$H14="",$H14<$G14),"",IF(AND(M$9<=$H14,M$9+6>=$G14),1,"")) | N14: =IF(OR($G14="",$H14="",$H14<$G14),"",IF(AND(N$9<=$H14,N$9+6>=$G14),1,"")) | O14: =IF(OR($G14="",$H14="",$H14<$G14),"",IF(AND(O$9<=$H14,O$9+6>=$G14),1,"")) | P14: =IF(OR($G14="",$H14="",$H14<$G14),"",IF(AND(P$9<=$H14,P$9+6>=$G14),1,"")) | Q14: =IF(OR($G14="",$H14="",$H14<$G14),"",IF(AND(Q$9<=$H14,Q$9+6>=$G14),1,"")) | R14: =IF(OR($G14="",$H14="",$H14<$G14),"",IF(AND(R$9<=$H14,R$9+6>=$G14),1,"")) | ... AD14: =IF(OR($G14="",$H14="",$H14<$G14),"",IF(AND(AD$9<=$H14,AD$9+6>=$G14),1,""))
B15: CA 1A | C15: C06 Pipeline, hazards và CPI | D15: Nguyễn Hải Minh | E15: Not Started | F15: P0 | G15: =IF(OR($H$6="",'Chi tiet HK1'!E13="",'Chi tiet HK1'!F13="",'Chi tiet HK1'!F13<'Chi tiet HK1'!E13),"",IF('Chi tiet HK1'!D13="Mốc",$H$6+'Chi tiet HK1'!F13*7-1,$H$6+('Chi tiet HK1'!E13-1)*7)) | H15: =IF(OR($H$6="",'Chi tiet HK1'!E13="",'Chi tiet HK1'!F13="",'Chi tiet HK1'!F13<'Chi tiet HK1'!E13),"",$H$6+'Chi tiet HK1'!F13*7-1) | I15: =IF(OR(G15="",H15="",H15<G15),"",H15-G15+1) | K15: =IF(OR($G15="",$H15="",$H15<$G15),"",IF(AND(K$9<=$H15,K$9+6>=$G15),1,"")) | L15: =IF(OR($G15="",$H15="",$H15<$G15),"",IF(AND(L$9<=$H15,L$9+6>=$G15),1,"")) | M15: =IF(OR($G15="",$H15="",$H15<$G15),"",IF(AND(M$9<=$H15,M$9+6>=$G15),1,"")) | N15: =IF(OR($G15="",$H15="",$H15<$G15),"",IF(AND(N$9<=$H15,N$9+6>=$G15),1,"")) | O15: =IF(OR($G15="",$H15="",$H15<$G15),"",IF(AND(O$9<=$H15,O$9+6>=$G15),1,"")) | P15: =IF(OR($G15="",$H15="",$H15<$G15),"",IF(AND(P$9<=$H15,P$9+6>=$G15),1,"")) | Q15: =IF(OR($G15="",$H15="",$H15<$G15),"",IF(AND(Q$9<=$H15,Q$9+6>=$G15),1,"")) | R15: =IF(OR($G15="",$H15="",$H15<$G15),"",IF(AND(R$9<=$H15,R$9+6>=$G15),1,"")) | ... AD15: =IF(OR($G15="",$H15="",$H15<$G15),"",IF(AND(AD$9<=$H15,AD$9+6>=$G15),1,""))
B16: CA 1B | C16: C07 Memory, bus và SoC | D16: Nguyễn Hải Minh | E16: Not Started | F16: P0 | G16: =IF(OR($H$6="",'Chi tiet HK1'!E14="",'Chi tiet HK1'!F14="",'Chi tiet HK1'!F14<'Chi tiet HK1'!E14),"",IF('Chi tiet HK1'!D14="Mốc",$H$6+'Chi tiet HK1'!F14*7-1,$H$6+('Chi tiet HK1'!E14-1)*7)) | H16: =IF(OR($H$6="",'Chi tiet HK1'!E14="",'Chi tiet HK1'!F14="",'Chi tiet HK1'!F14<'Chi tiet HK1'!E14),"",$H$6+'Chi tiet HK1'!F14*7-1) | I16: =IF(OR(G16="",H16="",H16<G16),"",H16-G16+1) | K16: =IF(OR($G16="",$H16="",$H16<$G16),"",IF(AND(K$9<=$H16,K$9+6>=$G16),1,"")) | L16: =IF(OR($G16="",$H16="",$H16<$G16),"",IF(AND(L$9<=$H16,L$9+6>=$G16),1,"")) | M16: =IF(OR($G16="",$H16="",$H16<$G16),"",IF(AND(M$9<=$H16,M$9+6>=$G16),1,"")) | N16: =IF(OR($G16="",$H16="",$H16<$G16),"",IF(AND(N$9<=$H16,N$9+6>=$G16),1,"")) | O16: =IF(OR($G16="",$H16="",$H16<$G16),"",IF(AND(O$9<=$H16,O$9+6>=$G16),1,"")) | P16: =IF(OR($G16="",$H16="",$H16<$G16),"",IF(AND(P$9<=$H16,P$9+6>=$G16),1,"")) | Q16: =IF(OR($G16="",$H16="",$H16<$G16),"",IF(AND(Q$9<=$H16,Q$9+6>=$G16),1,"")) | R16: =IF(OR($G16="",$H16="",$H16<$G16),"",IF(AND(R$9<=$H16,R$9+6>=$G16),1,"")) | ... AD16: =IF(OR($G16="",$H16="",$H16<$G16),"",IF(AND(AD$9<=$H16,AD$9+6>=$G16),1,""))
B17: CA 1B | C17: C08 Fixed-point và độ rộng số | D17: Nguyễn Hải Minh | E17: Not Started | F17: P0 | G17: =IF(OR($H$6="",'Chi tiet HK1'!E15="",'Chi tiet HK1'!F15="",'Chi tiet HK1'!F15<'Chi tiet HK1'!E15),"",IF('Chi tiet HK1'!D15="Mốc",$H$6+'Chi tiet HK1'!F15*7-1,$H$6+('Chi tiet HK1'!E15-1)*7)) | H17: =IF(OR($H$6="",'Chi tiet HK1'!E15="",'Chi tiet HK1'!F15="",'Chi tiet HK1'!F15<'Chi tiet HK1'!E15),"",$H$6+'Chi tiet HK1'!F15*7-1) | I17: =IF(OR(G17="",H17="",H17<G17),"",H17-G17+1) | K17: =IF(OR($G17="",$H17="",$H17<$G17),"",IF(AND(K$9<=$H17,K$9+6>=$G17),1,"")) | L17: =IF(OR($G17="",$H17="",$H17<$G17),"",IF(AND(L$9<=$H17,L$9+6>=$G17),1,"")) | M17: =IF(OR($G17="",$H17="",$H17<$G17),"",IF(AND(M$9<=$H17,M$9+6>=$G17),1,"")) | N17: =IF(OR($G17="",$H17="",$H17<$G17),"",IF(AND(N$9<=$H17,N$9+6>=$G17),1,"")) | O17: =IF(OR($G17="",$H17="",$H17<$G17),"",IF(AND(O$9<=$H17,O$9+6>=$G17),1,"")) | P17: =IF(OR($G17="",$H17="",$H17<$G17),"",IF(AND(P$9<=$H17,P$9+6>=$G17),1,"")) | Q17: =IF(OR($G17="",$H17="",$H17<$G17),"",IF(AND(Q$9<=$H17,Q$9+6>=$G17),1,"")) | R17: =IF(OR($G17="",$H17="",$H17<$G17),"",IF(AND(R$9<=$H17,R$9+6>=$G17),1,"")) | ... AD17: =IF(OR($G17="",$H17="",$H17<$G17),"",IF(AND(AD$9<=$H17,AD$9+6>=$G17),1,""))
B18: CA 1B | C18: C09 Đo hiệu năng và timing | D18: Nguyễn Hải Minh | E18: Not Started | F18: P0 | G18: =IF(OR($H$6="",'Chi tiet HK1'!E16="",'Chi tiet HK1'!F16="",'Chi tiet HK1'!F16<'Chi tiet HK1'!E16),"",IF('Chi tiet HK1'!D16="Mốc",$H$6+'Chi tiet HK1'!F16*7-1,$H$6+('Chi tiet HK1'!E16-1)*7)) | H18: =IF(OR($H$6="",'Chi tiet HK1'!E16="",'Chi tiet HK1'!F16="",'Chi tiet HK1'!F16<'Chi tiet HK1'!E16),"",$H$6+'Chi tiet HK1'!F16*7-1) | I18: =IF(OR(G18="",H18="",H18<G18),"",H18-G18+1) | K18: =IF(OR($G18="",$H18="",$H18<$G18),"",IF(AND(K$9<=$H18,K$9+6>=$G18),1,"")) | L18: =IF(OR($G18="",$H18="",$H18<$G18),"",IF(AND(L$9<=$H18,L$9+6>=$G18),1,"")) | M18: =IF(OR($G18="",$H18="",$H18<$G18),"",IF(AND(M$9<=$H18,M$9+6>=$G18),1,"")) | N18: =IF(OR($G18="",$H18="",$H18<$G18),"",IF(AND(N$9<=$H18,N$9+6>=$G18),1,"")) | O18: =IF(OR($G18="",$H18="",$H18<$G18),"",IF(AND(O$9<=$H18,O$9+6>=$G18),1,"")) | P18: =IF(OR($G18="",$H18="",$H18<$G18),"",IF(AND(P$9<=$H18,P$9+6>=$G18),1,"")) | Q18: =IF(OR($G18="",$H18="",$H18<$G18),"",IF(AND(Q$9<=$H18,Q$9+6>=$G18),1,"")) | R18: =IF(OR($G18="",$H18="",$H18<$G18),"",IF(AND(R$9<=$H18,R$9+6>=$G18),1,"")) | ... AD18: =IF(OR($G18="",$H18="",$H18<$G18),"",IF(AND(AD$9<=$H18,AD$9+6>=$G18),1,""))
B19: CA 1B | C19: C10 Custom ISA và tổng ôn | D19: Nguyễn Hải Minh | E19: Not Started | F19: P1 | G19: =IF(OR($H$6="",'Chi tiet HK1'!E17="",'Chi tiet HK1'!F17="",'Chi tiet HK1'!F17<'Chi tiet HK1'!E17),"",IF('Chi tiet HK1'!D17="Mốc",$H$6+'Chi tiet HK1'!F17*7-1,$H$6+('Chi tiet HK1'!E17-1)*7)) | H19: =IF(OR($H$6="",'Chi tiet HK1'!E17="",'Chi tiet HK1'!F17="",'Chi tiet HK1'!F17<'Chi tiet HK1'!E17),"",$H$6+'Chi tiet HK1'!F17*7-1) | I19: =IF(OR(G19="",H19="",H19<G19),"",H19-G19+1) | K19: =IF(OR($G19="",$H19="",$H19<$G19),"",IF(AND(K$9<=$H19,K$9+6>=$G19),1,"")) | L19: =IF(OR($G19="",$H19="",$H19<$G19),"",IF(AND(L$9<=$H19,L$9+6>=$G19),1,"")) | M19: =IF(OR($G19="",$H19="",$H19<$G19),"",IF(AND(M$9<=$H19,M$9+6>=$G19),1,"")) | N19: =IF(OR($G19="",$H19="",$H19<$G19),"",IF(AND(N$9<=$H19,N$9+6>=$G19),1,"")) | O19: =IF(OR($G19="",$H19="",$H19<$G19),"",IF(AND(O$9<=$H19,O$9+6>=$G19),1,"")) | P19: =IF(OR($G19="",$H19="",$H19<$G19),"",IF(AND(P$9<=$H19,P$9+6>=$G19),1,"")) | Q19: =IF(OR($G19="",$H19="",$H19<$G19),"",IF(AND(Q$9<=$H19,Q$9+6>=$G19),1,"")) | R19: =IF(OR($G19="",$H19="",$H19<$G19),"",IF(AND(R$9<=$H19,R$9+6>=$G19),1,"")) | ... AD19: =IF(OR($G19="",$H19="",$H19<$G19),"",IF(AND(AD$9<=$H19,AD$9+6>=$G19),1,""))
B20: Đồ án 1A | C20: P01 Phạm vi và tự đánh giá | D20: Nguyễn Hải Minh | E20: Not Started | F20: P0 | G20: =IF(OR($H$6="",'Chi tiet HK1'!E18="",'Chi tiet HK1'!F18="",'Chi tiet HK1'!F18<'Chi tiet HK1'!E18),"",IF('Chi tiet HK1'!D18="Mốc",$H$6+'Chi tiet HK1'!F18*7-1,$H$6+('Chi tiet HK1'!E18-1)*7)) | H20: =IF(OR($H$6="",'Chi tiet HK1'!E18="",'Chi tiet HK1'!F18="",'Chi tiet HK1'!F18<'Chi tiet HK1'!E18),"",$H$6+'Chi tiet HK1'!F18*7-1) | I20: =IF(OR(G20="",H20="",H20<G20),"",H20-G20+1) | K20: =IF(OR($G20="",$H20="",$H20<$G20),"",IF(AND(K$9<=$H20,K$9+6>=$G20),1,"")) | L20: =IF(OR($G20="",$H20="",$H20<$G20),"",IF(AND(L$9<=$H20,L$9+6>=$G20),1,"")) | M20: =IF(OR($G20="",$H20="",$H20<$G20),"",IF(AND(M$9<=$H20,M$9+6>=$G20),1,"")) | N20: =IF(OR($G20="",$H20="",$H20<$G20),"",IF(AND(N$9<=$H20,N$9+6>=$G20),1,"")) | O20: =IF(OR($G20="",$H20="",$H20<$G20),"",IF(AND(O$9<=$H20,O$9+6>=$G20),1,"")) | P20: =IF(OR($G20="",$H20="",$H20<$G20),"",IF(AND(P$9<=$H20,P$9+6>=$G20),1,"")) | Q20: =IF(OR($G20="",$H20="",$H20<$G20),"",IF(AND(Q$9<=$H20,Q$9+6>=$G20),1,"")) | R20: =IF(OR($G20="",$H20="",$H20<$G20),"",IF(AND(R$9<=$H20,R$9+6>=$G20),1,"")) | ... AD20: =IF(OR($G20="",$H20="",$H20<$G20),"",IF(AND(AD$9<=$H20,AD$9+6>=$G20),1,""))
B21: Đồ án 1A | C21: P02 Môi trường và nhật ký | D21: Nguyễn Hải Minh | E21: Not Started | F21: P0 | G21: =IF(OR($H$6="",'Chi tiet HK1'!E19="",'Chi tiet HK1'!F19="",'Chi tiet HK1'!F19<'Chi tiet HK1'!E19),"",IF('Chi tiet HK1'!D19="Mốc",$H$6+'Chi tiet HK1'!F19*7-1,$H$6+('Chi tiet HK1'!E19-1)*7)) | H21: =IF(OR($H$6="",'Chi tiet HK1'!E19="",'Chi tiet HK1'!F19="",'Chi tiet HK1'!F19<'Chi tiet HK1'!E19),"",$H$6+'Chi tiet HK1'!F19*7-1) | I21: =IF(OR(G21="",H21="",H21<G21),"",H21-G21+1) | K21: =IF(OR($G21="",$H21="",$H21<$G21),"",IF(AND(K$9<=$H21,K$9+6>=$G21),1,"")) | L21: =IF(OR($G21="",$H21="",$H21<$G21),"",IF(AND(L$9<=$H21,L$9+6>=$G21),1,"")) | M21: =IF(OR($G21="",$H21="",$H21<$G21),"",IF(AND(M$9<=$H21,M$9+6>=$G21),1,"")) | N21: =IF(OR($G21="",$H21="",$H21<$G21),"",IF(AND(N$9<=$H21,N$9+6>=$G21),1,"")) | O21: =IF(OR($G21="",$H21="",$H21<$G21),"",IF(AND(O$9<=$H21,O$9+6>=$G21),1,"")) | P21: =IF(OR($G21="",$H21="",$H21<$G21),"",IF(AND(P$9<=$H21,P$9+6>=$G21),1,"")) | Q21: =IF(OR($G21="",$H21="",$H21<$G21),"",IF(AND(Q$9<=$H21,Q$9+6>=$G21),1,"")) | R21: =IF(OR($G21="",$H21="",$H21<$G21),"",IF(AND(R$9<=$H21,R$9+6>=$G21),1,"")) | ... AD21: =IF(OR($G21="",$H21="",$H21<$G21),"",IF(AND(AD$9<=$H21,AD$9+6>=$G21),1,""))
... B39: Mốc 1B | C39: M04 Mốc tuần 16: hết HK1 | D39: Nguyễn Hải Minh | E39: Not Started | F39: P0 | G39: =IF(OR($H$6="",'Chi tiet HK1'!E37="",'Chi tiet HK1'!F37="",'Chi tiet HK1'!F37<'Chi tiet HK1'!E37),"",IF('Chi tiet HK1'!D37="Mốc",$H$6+'Chi tiet HK1'!F37*7-1,$H$6+('Chi tiet HK1'!E37-1)*7)) | H39: =IF(OR($H$6="",'Chi tiet HK1'!E37="",'Chi tiet HK1'!F37="",'Chi tiet HK1'!F37<'Chi tiet HK1'!E37),"",$H$6+'Chi tiet HK1'!F37*7-1) | I39: =IF(OR(G39="",H39="",H39<G39),"",H39-G39+1) | K39: =IF(OR($G39="",$H39="",$H39<$G39),"",IF(AND(K$9<=$H39,K$9+6>=$G39),1,"")) | L39: =IF(OR($G39="",$H39="",$H39<$G39),"",IF(AND(L$9<=$H39,L$9+6>=$G39),1,"")) | M39: =IF(OR($G39="",$H39="",$H39<$G39),"",IF(AND(M$9<=$H39,M$9+6>=$G39),1,"")) | N39: =IF(OR($G39="",$H39="",$H39<$G39),"",IF(AND(N$9<=$H39,N$9+6>=$G39),1,"")) | O39: =IF(OR($G39="",$H39="",$H39<$G39),"",IF(AND(O$9<=$H39,O$9+6>=$G39),1,"")) | P39: =IF(OR($G39="",$H39="",$H39<$G39),"",IF(AND(P$9<=$H39,P$9+6>=$G39),1,"")) | Q39: =IF(OR($G39="",$H39="",$H39<$G39),"",IF(AND(Q$9<=$H39,Q$9+6>=$G39),1,"")) | R39: =IF(OR($G39="",$H39="",$H39<$G39),"",IF(AND(R$9<=$H39,R$9+6>=$G39),1,"")) | ... AD39: =IF(OR($G39="",$H39="",$H39<$G39),"",IF(AND(AD$9<=$H39,AD$9+6>=$G39),1,""))
B41: Sửa trạng thái và ưu tiên tại bảng này. Ngày công việc tự tính từ ngày bắt đầu và tuần tại Chi tiet HK1. Complete = đã đạt tiêu chí và có bằng chứng; In Progress = đang làm; At Risk = có vướng mắc; Not Started = chưa bắt đầu. P0 cần đạt, P1 quan trọng, P2 bổ sung. 1A = tuần 1–8; 1B = tuần 9–16 là cách chia đề xuất, cần đối chiếu lịch HUST.
B45: KHỐI LƯỢNG THEO TUẦN | K45: NHỊP LÀM VIỆC VÀ MỐC KIỂM TRA
B47: Tuần | C47: Bắt đầu tuần | D47: Học CA (h) | E47: Đồ án (h) | F47: Dự phòng (h) | G47: Tổng (h) | H47: Còn lại (h) | I47: Tải tuần | K47: Giờ sẵn có / tuần | O47: 10 | R47: Nhịp đề xuất: 2 buổi tối × 2 giờ, 1 buổi cuối tuần × 4 giờ, cộng 2 giờ dự phòng. Tuần 1–8 học CA khoảng 4 giờ/tuần; tuần 9–12 là 3 giờ; tuần 13–16 là 2 giờ. Phần còn lại dành cho đồ án.
B48: 1 | C48: =$H$6+(B48-1)*7 | D48: =SUMIFS('Chi tiet HK1'!$L$8:$L$37,'Chi tiet HK1'!$D$8:$D$37,"Học CA",'Chi tiet HK1'!$E$8:$E$37,"<="&B48,'Chi tiet HK1'!$F$8:$F$37,">="&B48) | E48: =SUMIFS('Chi tiet HK1'!$L$8:$L$37,'Chi tiet HK1'!$D$8:$D$37,"Đồ án",'Chi tiet HK1'!$E$8:$E$37,"<="&B48,'Chi tiet HK1'!$F$8:$F$37,">="&B48) | F48: =$O$48 | G48: =SUM(D48:F48) | H48: =$O$47-G48 | I48: =IF($O$53>0,"Thiếu lịch",IF(G48>$O$47,"Quá tải","Trong tải")) | K48: Dự phòng / tuần | O48: 2
B49: 2 | C49: =$H$6+(B49-1)*7 | D49: =SUMIFS('Chi tiet HK1'!$L$8:$L$37,'Chi tiet HK1'!$D$8:$D$37,"Học CA",'Chi tiet HK1'!$E$8:$E$37,"<="&B49,'Chi tiet HK1'!$F$8:$F$37,">="&B49) | E49: =SUMIFS('Chi tiet HK1'!$L$8:$L$37,'Chi tiet HK1'!$D$8:$D$37,"Đồ án",'Chi tiet HK1'!$E$8:$E$37,"<="&B49,'Chi tiet HK1'!$F$8:$F$37,">="&B49) | F49: =$O$48 | G49: =SUM(D49:F49) | H49: =$O$47-G49 | I49: =IF($O$53>0,"Thiếu lịch",IF(G49>$O$47,"Quá tải","Trong tải")) | K49: Tổng giờ học CA | O49: =SUM(D48:D63)
B50: 3 | C50: =$H$6+(B50-1)*7 | D50: =SUMIFS('Chi tiet HK1'!$L$8:$L$37,'Chi tiet HK1'!$D$8:$D$37,"Học CA",'Chi tiet HK1'!$E$8:$E$37,"<="&B50,'Chi tiet HK1'!$F$8:$F$37,">="&B50) | E50: =SUMIFS('Chi tiet HK1'!$L$8:$L$37,'Chi tiet HK1'!$D$8:$D$37,"Đồ án",'Chi tiet HK1'!$E$8:$E$37,"<="&B50,'Chi tiet HK1'!$F$8:$F$37,">="&B50) | F50: =$O$48 | G50: =SUM(D50:F50) | H50: =$O$47-G50 | I50: =IF($O$53>0,"Thiếu lịch",IF(G50>$O$47,"Quá tải","Trong tải")) | K50: Tổng giờ đồ án | O50: =SUM(E48:E63)
B51: 4 | C51: =$H$6+(B51-1)*7 | D51: =SUMIFS('Chi tiet HK1'!$L$8:$L$37,'Chi tiet HK1'!$D$8:$D$37,"Học CA",'Chi tiet HK1'!$E$8:$E$37,"<="&B51,'Chi tiet HK1'!$F$8:$F$37,">="&B51) | E51: =SUMIFS('Chi tiet HK1'!$L$8:$L$37,'Chi tiet HK1'!$D$8:$D$37,"Đồ án",'Chi tiet HK1'!$E$8:$E$37,"<="&B51,'Chi tiet HK1'!$F$8:$F$37,">="&B51) | F51: =$O$48 | G51: =SUM(D51:F51) | H51: =$O$47-G51 | I51: =IF($O$53>0,"Thiếu lịch",IF(G51>$O$47,"Quá tải","Trong tải")) | K51: Giờ đã xếp và dự phòng | O51: =SUM(G48:G63)
B52: 5 | C52: =$H$6+(B52-1)*7 | D52: =SUMIFS('Chi tiet HK1'!$L$8:$L$37,'Chi tiet HK1'!$D$8:$D$37,"Học CA",'Chi tiet HK1'!$E$8:$E$37,"<="&B52,'Chi tiet HK1'!$F$8:$F$37,">="&B52) | E52: =SUMIFS('Chi tiet HK1'!$L$8:$L$37,'Chi tiet HK1'!$D$8:$D$37,"Đồ án",'Chi tiet HK1'!$E$8:$E$37,"<="&B52,'Chi tiet HK1'!$F$8:$F$37,">="&B52) | F52: =$O$48 | G52: =SUM(D52:F52) | H52: =$O$47-G52 | I52: =IF($O$53>0,"Thiếu lịch",IF(G52>$O$47,"Quá tải","Trong tải")) | K52: Tuần quá tải | O52: =COUNTIFS(I48:I63,"Quá tải") | R52: Lịch chưa trừ ngày nghỉ/lịch môn học. Giảm giờ sẵn có nếu bận; cảnh báo tải tuần sẽ đổi theo. Bốn tuần cuối Gantt để trống, chưa tự động gia hạn HK1.
B53: 6 | C53: =$H$6+(B53-1)*7 | D53: =SUMIFS('Chi tiet HK1'!$L$8:$L$37,'Chi tiet HK1'!$D$8:$D$37,"Học CA",'Chi tiet HK1'!$E$8:$E$37,"<="&B53,'Chi tiet HK1'!$F$8:$F$37,">="&B53) | E53: =SUMIFS('Chi tiet HK1'!$L$8:$L$37,'Chi tiet HK1'!$D$8:$D$37,"Đồ án",'Chi tiet HK1'!$E$8:$E$37,"<="&B53,'Chi tiet HK1'!$F$8:$F$37,">="&B53) | F53: =$O$48 | G53: =SUM(D53:F53) | H53: =$O$47-G53 | I53: =IF($O$53>0,"Thiếu lịch",IF(G53>$O$47,"Quá tải","Trong tải")) | K53: Mục thiếu lịch | O53: =COUNTBLANK(G10:G39)
B54: 7 | C54: =$H$6+(B54-1)*7 | D54: =SUMIFS('Chi tiet HK1'!$L$8:$L$37,'Chi tiet HK1'!$D$8:$D$37,"Học CA",'Chi tiet HK1'!$E$8:$E$37,"<="&B54,'Chi tiet HK1'!$F$8:$F$37,">="&B54) | E54: =SUMIFS('Chi tiet HK1'!$L$8:$L$37,'Chi tiet HK1'!$D$8:$D$37,"Đồ án",'Chi tiet HK1'!$E$8:$E$37,"<="&B54,'Chi tiet HK1'!$F$8:$F$37,">="&B54) | F54: =$O$48 | G54: =SUM(D54:F54) | H54: =$O$47-G54 | I54: =IF($O$53>0,"Thiếu lịch",IF(G54>$O$47,"Quá tải","Trong tải"))
B55: 8 | C55: =$H$6+(B55-1)*7 | D55: =SUMIFS('Chi tiet HK1'!$L$8:$L$37,'Chi tiet HK1'!$D$8:$D$37,"Học CA",'Chi tiet HK1'!$E$8:$E$37,"<="&B55,'Chi tiet HK1'!$F$8:$F$37,">="&B55) | E55: =SUMIFS('Chi tiet HK1'!$L$8:$L$37,'Chi tiet HK1'!$D$8:$D$37,"Đồ án",'Chi tiet HK1'!$E$8:$E$37,"<="&B55,'Chi tiet HK1'!$F$8:$F$37,">="&B55) | F55: =$O$48 | G55: =SUM(D55:F55) | H55: =$O$47-G55 | I55: =IF($O$53>0,"Thiếu lịch",IF(G55>$O$47,"Quá tải","Trong tải")) | K55: Mốc | N55: Điều kiện để review | X55: Tình trạng điều kiện
B56: 9 | C56: =$H$6+(B56-1)*7 | D56: =SUMIFS('Chi tiet HK1'!$L$8:$L$37,'Chi tiet HK1'!$D$8:$D$37,"Học CA",'Chi tiet HK1'!$E$8:$E$37,"<="&B56,'Chi tiet HK1'!$F$8:$F$37,">="&B56) | E56: =SUMIFS('Chi tiet HK1'!$L$8:$L$37,'Chi tiet HK1'!$D$8:$D$37,"Đồ án",'Chi tiet HK1'!$E$8:$E$37,"<="&B56,'Chi tiet HK1'!$F$8:$F$37,">="&B56) | F56: =$O$48 | G56: =SUM(D56:F56) | H56: =$O$47-G56 | I56: =IF($O$53>0,"Thiếu lịch",IF(G56>$O$47,"Quá tải","Trong tải")) | K56: M01 / tuần 4 | N56: C01, C02, C03, P01, P02, P03, P04 | X56: =IF((IF($E$10="Complete",0,1)+IF($E$11="Complete",0,1)+IF($E$12="Complete",0,1)+IF($E$20="Complete",0,1)+IF($E$21="Complete",0,1)+IF($E$22="Complete",0,1)+IF($E$23="Complete",0,1))=0,"Sẵn sàng review","Còn "&(IF($E$10="Complete",0,1)+IF($E$11="Complete",0,1)+IF($E$12="Complete",0,1)+IF($E$20="Complete",0,1)+IF($E$21="Complete",0,1)+IF($E$22="Complete",0,1)+IF($E$23="Complete",0,1))&" mục chưa đạt")
B57: 10 | C57: =$H$6+(B57-1)*7 | D57: =SUMIFS('Chi tiet HK1'!$L$8:$L$37,'Chi tiet HK1'!$D$8:$D$37,"Học CA",'Chi tiet HK1'!$E$8:$E$37,"<="&B57,'Chi tiet HK1'!$F$8:$F$37,">="&B57) | E57: =SUMIFS('Chi tiet HK1'!$L$8:$L$37,'Chi tiet HK1'!$D$8:$D$37,"Đồ án",'Chi tiet HK1'!$E$8:$E$37,"<="&B57,'Chi tiet HK1'!$F$8:$F$37,">="&B57) | F57: =$O$48 | G57: =SUM(D57:F57) | H57: =$O$47-G57 | I57: =IF($O$53>0,"Thiếu lịch",IF(G57>$O$47,"Quá tải","Trong tải")) | K57: M02 / tuần 8 | N57: M01, C04, C05, C06, P05, P06, P07, P08 | X57: =IF((IF($E$36="Complete",0,1)+IF($E$13="Complete",0,1)+IF($E$14="Complete",0,1)+IF($E$15="Complete",0,1)+IF($E$24="Complete",0,1)+IF($E$25="Complete",0,1)+IF($E$26="Complete",0,1)+IF($E$27="Complete",0,1))=0,"Sẵn sàng review","Còn "&(IF($E$36="Complete",0,1)+IF($E$13="Complete",0,1)+IF($E$14="Complete",0,1)+IF($E$15="Complete",0,1)+IF($E$24="Complete",0,1)+IF($E$25="Complete",0,1)+IF($E$26="Complete",0,1)+IF($E$27="Complete",0,1))&" mục chưa đạt")
B58: 11 | C58: =$H$6+(B58-1)*7 | D58: =SUMIFS('Chi tiet HK1'!$L$8:$L$37,'Chi tiet HK1'!$D$8:$D$37,"Học CA",'Chi tiet HK1'!$E$8:$E$37,"<="&B58,'Chi tiet HK1'!$F$8:$F$37,">="&B58) | E58: =SUMIFS('Chi tiet HK1'!$L$8:$L$37,'Chi tiet HK1'!$D$8:$D$37,"Đồ án",'Chi tiet HK1'!$E$8:$E$37,"<="&B58,'Chi tiet HK1'!$F$8:$F$37,">="&B58) | F58: =$O$48 | G58: =SUM(D58:F58) | H58: =$O$47-G58 | I58: =IF($O$53>0,"Thiếu lịch",IF(G58>$O$47,"Quá tải","Trong tải")) | K58: M03 / tuần 12 | N58: M02, C07, C08, P09, P10, P11, P12 | X58: =IF((IF($E$37="Complete",0,1)+IF($E$16="Complete",0,1)+IF($E$17="Complete",0,1)+IF($E$28="Complete",0,1)+IF($E$29="Complete",0,1)+IF($E$30="Complete",0,1)+IF($E$31="Complete",0,1))=0,"Sẵn sàng review","Còn "&(IF($E$37="Complete",0,1)+IF($E$16="Complete",0,1)+IF($E$17="Complete",0,1)+IF($E$28="Complete",0,1)+IF($E$29="Complete",0,1)+IF($E$30="Complete",0,1)+IF($E$31="Complete",0,1))&" mục chưa đạt")
B59: 12 | C59: =$H$6+(B59-1)*7 | D59: =SUMIFS('Chi tiet HK1'!$L$8:$L$37,'Chi tiet HK1'!$D$8:$D$37,"Học CA",'Chi tiet HK1'!$E$8:$E$37,"<="&B59,'Chi tiet HK1'!$F$8:$F$37,">="&B59) | E59: =SUMIFS('Chi tiet HK1'!$L$8:$L$37,'Chi tiet HK1'!$D$8:$D$37,"Đồ án",'Chi tiet HK1'!$E$8:$E$37,"<="&B59,'Chi tiet HK1'!$F$8:$F$37,">="&B59) | F59: =$O$48 | G59: =SUM(D59:F59) | H59: =$O$47-G59 | I59: =IF($O$53>0,"Thiếu lịch",IF(G59>$O$47,"Quá tải","Trong tải")) | K59: M04 / tuần 16 | N59: M03, C09, C10, P13, P14, P15, P16 | X59: =IF((IF($E$38="Complete",0,1)+IF($E$18="Complete",0,1)+IF($E$19="Complete",0,1)+IF($E$32="Complete",0,1)+IF($E$33="Complete",0,1)+IF($E$34="Complete",0,1)+IF($E$35="Complete",0,1))=0,"Sẵn sàng review","Còn "&(IF($E$38="Complete",0,1)+IF($E$18="Complete",0,1)+IF($E$19="Complete",0,1)+IF($E$32="Complete",0,1)+IF($E$33="Complete",0,1)+IF($E$34="Complete",0,1)+IF($E$35="Complete",0,1))&" mục chưa đạt")
B60: 13 | C60: =$H$6+(B60-1)*7 | D60: =SUMIFS('Chi tiet HK1'!$L$8:$L$37,'Chi tiet HK1'!$D$8:$D$37,"Học CA",'Chi tiet HK1'!$E$8:$E$37,"<="&B60,'Chi tiet HK1'!$F$8:$F$37,">="&B60) | E60: =SUMIFS('Chi tiet HK1'!$L$8:$L$37,'Chi tiet HK1'!$D$8:$D$37,"Đồ án",'Chi tiet HK1'!$E$8:$E$37,"<="&B60,'Chi tiet HK1'!$F$8:$F$37,">="&B60) | F60: =$O$48 | G60: =SUM(D60:F60) | H60: =$O$47-G60 | I60: =IF($O$53>0,"Thiếu lịch",IF(G60>$O$47,"Quá tải","Trong tải"))
B61: 14 | C61: =$H$6+(B61-1)*7 | D61: =SUMIFS('Chi tiet HK1'!$L$8:$L$37,'Chi tiet HK1'!$D$8:$D$37,"Học CA",'Chi tiet HK1'!$E$8:$E$37,"<="&B61,'Chi tiet HK1'!$F$8:$F$37,">="&B61) | E61: =SUMIFS('Chi tiet HK1'!$L$8:$L$37,'Chi tiet HK1'!$D$8:$D$37,"Đồ án",'Chi tiet HK1'!$E$8:$E$37,"<="&B61,'Chi tiet HK1'!$F$8:$F$37,">="&B61) | F61: =$O$48 | G61: =SUM(D61:F61) | H61: =$O$47-G61 | I61: =IF($O$53>0,"Thiếu lịch",IF(G61>$O$47,"Quá tải","Trong tải")) | K61: Mốc chỉ sẵn sàng khi mọi mục phụ thuộc được đặt Complete; kết quả review vẫn do bạn xác nhận. Lưu bằng chứng trước khi hoàn thành. Gantt và KPI dùng trạng thái gốc của template. Giữ thứ tự/ID các dòng; chỉnh tuần và giờ ở Chi tiet HK1 để đổi lịch.
B62: 15 | C62: =$H$6+(B62-1)*7 | D62: =SUMIFS('Chi tiet HK1'!$L$8:$L$37,'Chi tiet HK1'!$D$8:$D$37,"Học CA",'Chi tiet HK1'!$E$8:$E$37,"<="&B62,'Chi tiet HK1'!$F$8:$F$37,">="&B62) | E62: =SUMIFS('Chi tiet HK1'!$L$8:$L$37,'Chi tiet HK1'!$D$8:$D$37,"Đồ án",'Chi tiet HK1'!$E$8:$E$37,"<="&B62,'Chi tiet HK1'!$F$8:$F$37,">="&B62) | F62: =$O$48 | G62: =SUM(D62:F62) | H62: =$O$47-G62 | I62: =IF($O$53>0,"Thiếu lịch",IF(G62>$O$47,"Quá tải","Trong tải"))
B63: 16 | C63: =$H$6+(B63-1)*7 | D63: =SUMIFS('Chi tiet HK1'!$L$8:$L$37,'Chi tiet HK1'!$D$8:$D$37,"Học CA",'Chi tiet HK1'!$E$8:$E$37,"<="&B63,'Chi tiet HK1'!$F$8:$F$37,">="&B63) | E63: =SUMIFS('Chi tiet HK1'!$L$8:$L$37,'Chi tiet HK1'!$D$8:$D$37,"Đồ án",'Chi tiet HK1'!$E$8:$E$37,"<="&B63,'Chi tiet HK1'!$F$8:$F$37,">="&B63) | F63: =$O$48 | G63: =SUM(D63:F63) | H63: =$O$47-G63 | I63: =IF($O$53>0,"Thiếu lịch",IF(G63>$O$47,"Quá tải","Trong tải"))
B66: Đầu ra HK1: giải thích được luồng CPU; baseline RV32 chạy bare-metal; bộ đo cycle; reference và 2 benchmark dot-product/complex multiply; profiling ban đầu; báo cáo và hướng HK2. Core và kit chưa chốt. Thời gian là ước lượng cho người mới; đánh giá lại sau 2 tuần.

Sheet Chi tiet HK1
B2: Chi tiết HK1 và lộ trình Computer Architecture
B4: Mỗi tuần: học một khái niệm, làm bài nhỏ, giải thích bằng lời của mình rồi lưu bằng chứng. Ô vàng là tuần/giờ có thể sửa; trạng thái cập nhật ở Project Plan. Giờ dự kiến phân bổ đều trong số tuần của mục; đây là ước lượng, cần cập nhật sau 2 tuần đầu. Mốc review có 0 giờ vì thời gian đã nằm trong công việc tuần tương ứng.
B7: ID | C7: Đợt | D7: Loại | E7: Từ tuần | F7: Đến tuần | G7: Giờ dự kiến | H7: Học và thực hành | I7: Điều kiện hoàn thành | J7: Phụ thuộc | K7: Học liệu | L7: Giờ/tuần | M7: Bằng chứng / ghi chú | N7: Giờ thực tế
B8: C01 | C8: 2026.1A | D8: Học CA | E8: 1 | F8: 1 | G8: 4 | H8: Học binary/hex, two's complement, signed/unsigned, bitwise, con trỏ và mảng C. Làm 8 bài ngắn, chạy một chương trình tổng mảng. | I8: Tự đổi biểu diễn số; giải thích overflow và địa chỉ phần tử mảng. Lưu bài giải và chương trình C có kết quả đúng. | K8: R8 (sách chính); R1 | L8: =IF(OR(NOT(ISNUMBER(E8)),NOT(ISNUMBER(F8)),NOT(ISNUMBER(G8)),F8<E8),"",G8/(F8-E8+1))
B9: C02 | C9: 2026.1A | D9: Học CA | E9: 2 | F9: 2 | G9: 4 | H9: Học mux, adder, register, clock/reset và FSM. Đọc mô tả RTL; sửa một ALU nhỏ hoặc bộ đếm trong ví dụ, xem waveform. | I9: Phân biệt logic tổ hợp/tuần tự; chỉ ra thời điểm register đổi giá trị. Testbench của bài nhỏ đạt các ca đã liệt kê. | J9: C01 | K9: R8 (sách chính); R1; R3 bổ trợ | L9: =IF(OR(NOT(ISNUMBER(E9)),NOT(ISNUMBER(F9)),NOT(ISNUMBER(G9)),F9<E9),"",G9/(F9-E9+1))
B10: C03 | C10: 2026.1A | D10: Học CA | E10: 3 | F10: 4 | G10: 8 | H10: Học PC, register file, load/store, add/sub, shift và branch. Dùng Ripes để step đoạn assembly tính tổng mảng và theo dõi register/memory. | I10: Tự viết vòng lặp tổng mảng; dự đoán PC và giá trị thanh ghi cho 10 lệnh liên tiếp, rồi kiểm tra bằng simulator. | J10: C01, C02 | K10: R8 (sách chính); R1; R2; R4 tra cứu | L10: =IF(OR(NOT(ISNUMBER(E10)),NOT(ISNUMBER(F10)),NOT(ISNUMBER(G10)),F10<E10),"",G10/(F10-E10+1))
B11: C04 | C11: 2026.1A | D11: Học CA | E11: 5 | F11: 5 | G11: 4 | H11: Học call/return, stack, caller/callee-saved registers. Theo dõi C thành assembly, object, ELF; nhận biết startup và linker script. | I11: Giải thích một hàm C gọi hàm khác: đối số, giá trị trả về, stack. Chỉ ra vùng code/data/stack trong map hoặc ELF. | J11: C03 | K11: R8 (sách chính); R1 | L11: =IF(OR(NOT(ISNUMBER(E11)),NOT(ISNUMBER(F11)),NOT(ISNUMBER(G11)),F11<E11),"",G11/(F11-E11+1))
B12: C05 | C12: 2026.1A | D12: Học CA | E12: 6 | F12: 6 | G12: 4 | H12: Học single-cycle và multi-cycle ở mức khái niệm. Vẽ đường dữ liệu cho add, load và branch; nối tín hiệu điều khiển với thao tác. | I12: Tự vẽ và giải thích fetch/decode/execute/memory/write-back cho 3 lệnh; phân biệt ISA với microarchitecture. | J12: C03 | K12: R8 (sách chính); R1; R2 | L12: =IF(OR(NOT(ISNUMBER(E12)),NOT(ISNUMBER(F12)),NOT(ISNUMBER(G12)),F12<E12),"",G12/(F12-E12+1))
B13: C06 | C13: 2026.1A | D13: Học CA | E13: 7 | F13: 8 | G13: 8 | H13: Học pipeline, data/control hazard, stall và forwarding. Chạy 2 đoạn lệnh trên các mô hình Ripes; tính cycle và CPI trước khi đo. | I13: Chỉ ra ít nhất một data hazard và một branch hazard; giải thích chênh lệch cycle. Nêu rõ mô hình Ripes không phải timing của core FPGA đã chọn. | J13: C05 | K13: R8 (sách chính); R1; R2 | L13: =IF(OR(NOT(ISNUMBER(E13)),NOT(ISNUMBER(F13)),NOT(ISNUMBER(G13)),F13<E13),"",G13/(F13-E13+1))
B14: C07 | C14: 2026.1B | D14: Học CA | E14: 9 | F14: 10 | G14: 6 | H14: Học memory hierarchy, cache cơ bản, BRAM latency và memory-mapped I/O. Đọc memory map và một giao dịch request/response của core. | I14: Giải thích một load và một UART write đi qua hệ thống; chỉ ra wait-state. Mô tả cấu hình bộ nhớ đang dùng trong baseline. | J14: C06 | K14: R8 (sách chính); R1; R5 hoặc R6 | L14: =IF(OR(NOT(ISNUMBER(E14)),NOT(ISNUMBER(F14)),NOT(ISNUMBER(G14)),F14<E14),"",G14/(F14-E14+1))
B15: C08 | C15: 2026.1B | D15: Học CA | E15: 11 | F15: 12 | G15: 6 | H15: Học Q-format, sign extension, độ rộng tích và accumulator; quy tắc rounding, saturation/wrap. Làm ví dụ số nhỏ rồi kiểm tra bằng Python. | I15: Giải thích mỗi bước đổi độ rộng của một phép nhân/tích lũy; viết ca biên âm/dương/overflow. Ngữ nghĩa C và reference nhất quán. | J15: C01, C04 | K15: R4 về phép toán; D1 mục 2.2 | L15: =IF(OR(NOT(ISNUMBER(E15)),NOT(ISNUMBER(F15)),NOT(ISNUMBER(G15)),F15<E15),"",G15/(F15-E15+1))
B16: C09 | C16: 2026.1B | D16: Học CA | E16: 13 | F16: 14 | G16: 4 | H16: Ôn instruction count, cycle, CPI, thời gian = cycle/clock và Amdahl. Đọc timing/resource report; phân biệt clock đang chạy với Fmax ước lượng. | I16: Tính speedup có cả clock; giải thích một trường hợp giảm cycle mà thời gian tăng. Chỉ ra vùng đo và overhead trong benchmark của mình. | J16: C06, C07 | K16: R8 (sách chính); R1; tài liệu tool của board | L16: =IF(OR(NOT(ISNUMBER(E16)),NOT(ISNUMBER(F16)),NOT(ISNUMBER(G16)),F16<E16),"",G16/(F16-E16+1))
B17: C10 | C17: 2026.1B | D17: Học CA | E17: 15 | F17: 16 | G17: 4 | H17: Học ngữ nghĩa lệnh, encoding, số toán hạng, latency, handshake và write-back. Theo dõi một ví dụ extension có sẵn; tổng ôn toàn bộ luồng C tới FPGA. | I17: Mô tả được một primitive 2 nguồn/1 đích và hạn chế dữ liệu; giải thích được luồng thực thi của baseline mà không đọc chép README. | J17: C08, C09 | K17: R8 (sách chính); R4; R5 hoặc R6 | L17: =IF(OR(NOT(ISNUMBER(E17)),NOT(ISNUMBER(F17)),NOT(ISNUMBER(G17)),F17<E17),"",G17/(F17-E17+1))
B18: P01 | C18: 2026.1A | D18: Đồ án | E18: 1 | F18: 1 | G18: 4 | H18: Ghi kỹ năng C/RTL/Linux hiện có; mục tiêu HK1; giờ học thực tế; kit, máy lab/server và license có thể dùng. Trao đổi mục tiêu với thầy khi có lịch. | I18: Một trang scope HK1 và danh sách điểm chưa chốt. Chọn 3 buổi học/làm cố định; cập nhật công suất tuần trong tracker theo thực tế. | K18: D1; kế hoạch trong chat | L18: =IF(OR(NOT(ISNUMBER(E18)),NOT(ISNUMBER(F18)),NOT(ISNUMBER(G18)),F18<E18),"",G18/(F18-E18+1))
B19: P02 | C19: 2026.1A | D19: Đồ án | E19: 2 | F19: 2 | G19: 4 | H19: Tạo repo, README và nhật ký tuần. Chạy C/Python cơ bản, mở Ripes. Ghi cách sao lưu và ghi nhận phiên bản công cụ; thử mô phỏng RTL nhỏ nếu đủ thời gian. | I19: Chạy lại được các lệnh cơ bản từ README. Có commit đầu tiên và nơi lưu log, mã nguồn, reference, kết quả riêng biệt. | J19: P01 | K19: R2 | L19: =IF(OR(NOT(ISNUMBER(E19)),NOT(ISNUMBER(F19)),NOT(ISNUMBER(G19)),F19<E19),"",G19/(F19-E19+1))
B20: P03 | C20: 2026.1A | D20: Đồ án | E20: 3 | F20: 3 | G20: 4 | H20: So sánh tối đa 2 nền tảng theo demo sẵn, ngôn ngữ RTL, ngoại vi, phép đo, giao diện mở rộng và board hỗ trợ. Ưu tiên kit/mã nguồn có sẵn ở lab. | I20: Bảng so sánh 2 ứng viên và một lựa chọn tạm. Ghi rõ còn thiếu board, công cụ hay kiến thức gì; không mua kit chỉ dựa vào giá. | J20: P01, P02 | K20: R5; R6 | L20: =IF(OR(NOT(ISNUMBER(E20)),NOT(ISNUMBER(F20)),NOT(ISNUMBER(G20)),F20<E20),"",G20/(F20-E20+1))
B21: P04 | C21: 2026.1A | D21: Đồ án | E21: 4 | F21: 4 | G21: 4 | H21: Đọc có hướng dẫn 2 công trình gần đề tài trong danh mục đính kèm. Ghi workload, baseline, lệnh, metric, hạn chế; tra các thuật ngữ chưa hiểu. | I21: Hai hàng literature review có dẫn nguồn và câu hỏi của mình. Phân biệt kết quả của bài báo với giả thuyết sẽ kiểm tra trong luận văn. | J21: P03 | K21: D1 tài liệu [1], [2], [6] | L21: =IF(OR(NOT(ISNUMBER(E21)),NOT(ISNUMBER(F21)),NOT(ISNUMBER(G21)),F21<E21),"",G21/(F21-E21+1))
B22: P05 | C22: 2026.1A | D22: Đồ án | E22: 5 | F22: 5 | G22: 4 | H22: Chốt core sau khi chạy thử ví dụ được cung cấp. Cố định commit, compiler, ISA/ABI và multiplier; build ELF rồi chạy C trong mô phỏng RTL. | I22: Demo C chạy từ clean build, có log và ELF/disassembly. Nếu sau 2 buổi vẫn tắc ở setup, dùng ví dụ/nền tảng có hỗ trợ phù hợp hơn. | J22: P03, P02 | K22: R5 hoặc R6 | L22: =IF(OR(NOT(ISNUMBER(E22)),NOT(ISNUMBER(F22)),NOT(ISNUMBER(G22)),F22<E22),"",G22/(F22-E22+1))
B23: P06 | C23: 2026.1A | D23: Đồ án | E23: 6 | F23: 6 | G23: 4 | H23: Lần theo một phép add và một load từ PC tới write-back. Tìm module core, register file, bus và multiplier; chốt sơ đồ hệ thống và kit mục tiêu. | I23: Waveform có chú thích và sơ đồ khối 1 trang. Giải thích được các tín hiệu chính của lệnh, không cần hiểu toàn bộ RTL ngay. | J23: P05, C04 | K23: R5 hoặc R6 | L23: =IF(OR(NOT(ISNUMBER(E23)),NOT(ISNUMBER(F23)),NOT(ISNUMBER(G23)),F23<E23),"",G23/(F23-E23+1))
B24: P07 | C24: 2026.1A | D24: Đồ án | E24: 7 | F24: 7 | G24: 4 | H24: Tận dụng SoC mẫu; kiểm tra BRAM, UART, GPIO/timer cần dùng. Đọc hoặc chỉnh memory map, startup, linker script. Chạy kiểm tra RAM và UART. | I24: C bare-metal ghi/đọc RAM và phát chuỗi UART trong mô phỏng. Memory map thống nhất giữa RTL và phần mềm; mọi thay đổi được ghi lại. | J24: P06, C05 | K24: R5 hoặc R6 | L24: =IF(OR(NOT(ISNUMBER(E24)),NOT(ISNUMBER(F24)),NOT(ISNUMBER(G24)),F24<E24),"",G24/(F24-E24+1))
B25: P08 | C25: 2026.1A | D25: Đồ án | E25: 8 | F25: 8 | G25: 4 | H25: Dùng tuần này sửa tồn đọng và chạy regression nhỏ. Viết hướng dẫn build; review kiến thức, core, toolchain và kế hoạch có board với thầy. | I25: Baseline mô phỏng tái lập được, sơ đồ và README khớp mã nguồn. Ghi riêng các mục chưa đạt; chỉ chuyển sang đo khi kết quả chức năng ổn. | J25: P07 | K25: D1 mục 2.5 | L25: =IF(OR(NOT(ISNUMBER(E25)),NOT(ISNUMBER(F25)),NOT(ISNUMBER(G25)),F25<E25),"",G25/(F25-E25+1))
B26: P09 | C26: 2026.1B | D26: Đồ án | E26: 9 | F26: 9 | G26: 5 | H26: Dùng counter của core hoặc bộ đo tương đương; đo vùng rỗng và vòng lặp. Đưa UART ra ngoài vùng đo, giữ kết quả tránh compiler loại bỏ. | I26: Có định nghĩa vùng đo, overhead và 3 lần chạy tái lập. Ghi rõ đo trong RTL hay trên board; không dùng cycle Ripes thay baseline. | J26: P08, C06 | K26: R5 hoặc R6 | L26: =IF(OR(NOT(ISNUMBER(E26)),NOT(ISNUMBER(F26)),NOT(ISNUMBER(G26)),F26<E26),"",G26/(F26-E26+1))
B27: P10 | C27: 2026.1B | D27: Đồ án | E27: 10 | F27: 10 | G27: 5 | H27: Build ví dụ baseline cho part thực; lưu timing/utilization. Nếu build cloud, giữ tool trên persistent disk, tải bitstream về máy nối kit và nạp/UART. | I27: Demo C chạy trên kit, có log và cấu hình clock. Nếu chưa có kit, giữ trạng thái At Risk và ghi lịch mượn; mô phỏng/P&R chưa thay cho kiểm chứng board. | J27: P08, P09 | K27: R7; tài liệu board đã chọn | L27: =IF(OR(NOT(ISNUMBER(E27)),NOT(ISNUMBER(F27)),NOT(ISNUMBER(G27)),F27<E27),"",G27/(F27-E27+1))
B28: P11 | C28: 2026.1B | D28: Đồ án | E28: 11 | F28: 11 | G28: 5 | H28: Chốt fixed-point cho dot-product và complex multiply. Viết reference integer bằng Python, dữ liệu có seed và ca biên; chọn 3 kích thước vừa BRAM. | I28: Đặc tả độ rộng trung gian, accumulator, rounding và overflow; lưu input/output mong đợi. Có phép tính tay nhỏ để kiểm tra reference. | J28: P09, C01 | K28: D1 nội dung 3, 6 | L28: =IF(OR(NOT(ISNUMBER(E28)),NOT(ISNUMBER(F28)),NOT(ISNUMBER(G28)),F28<E28),"",G28/(F28-E28+1))
B29: P12 | C29: 2026.1B | D29: Đồ án | E29: 12 | F29: 12 | G29: 5 | H29: Viết C dot-product theo đúng reference. Kiểm tra assembly, chạy các kích thước và ca biên; lưu cycle, code size và cấu hình build. | I29: C khớp bit với reference cho bộ test đã chốt; có CSV kết quả. Phân biệt lỗi số học với lỗi đo; giữ dữ liệu sai để tái hiện lỗi. | J29: P11, C08, P09 | K29: D1 nội dung 3, 4 | L29: =IF(OR(NOT(ISNUMBER(E29)),NOT(ISNUMBER(F29)),NOT(ISNUMBER(G29)),F29<E29),"",G29/(F29-E29+1))
B30: P13 | C30: 2026.1B | D30: Đồ án | E30: 13 | F30: 13 | G30: 6 | H30: Viết complex vector multiply theo reference; đo cả pack/unpack, load/store và phần số học. Tái sử dụng bộ sinh dữ liệu và harness. | I30: Khớp reference, có 3 kích thước và ca biên; lưu assembly và cycle. Nêu rõ đây là kernel DSP độc lập, chưa phải chuỗi radar hoàn chỉnh. | J30: P11, P12 | K30: D1 nội dung 3, 4 | L30: =IF(OR(NOT(ISNUMBER(E30)),NOT(ISNUMBER(F30)),NOT(ISNUMBER(G30)),F30<E30),"",G30/(F30-E30+1))
... B37: M04 | C37: 2026.1B | D37: Mốc | E37: 16 | F37: 16 | G37: 0 | H37: Review 2 benchmark, profiling, tài liệu và đề xuất bước tiếp theo. Thời gian review đã tính trong P16. | I37: Có baseline, 2 kernel đúng, số liệu ban đầu và ứng viên có lý do chọn. Thống nhất với thầy phần nghiên cứu HK2; không yêu cầu đã tăng tốc thành công. | J37: M03, C09, C10, P13, P14, P15, P16 | K37: Tiêu chí đề xuất | L37: =IF(OR(NOT(ISNUMBER(E37)),NOT(ISNUMBER(F37)),NOT(ISNUMBER(G37)),F37<E37),"",G37/(F37-E37+1))
B40: HỌC LIỆU VÀ PHẠM VI ĐỌC
B42: R1 | C42: CS61C Course Notes | H42: Bổ trợ: Number Representation, C, RISC-V, CALL, Digital Systems, CPU, Pipelining, Caches, Performance. Chọn theo chủ đề, không chạy toàn bộ khóa. | K42: https://notes.cs61c.org/
B43: R2 | C43: Ripes | H43: Thực hành trực quan register, datapath, pipeline. Dùng để học; số cycle của Ripes không thay số đo RTL/FPGA. Web thử nghiệm: https://ripes.dk/ | K43: https://github.com/mortbopet/Ripes
B44: R3 | C44: Nand to Tetris | H44: Bổ trợ nếu logic số còn yếu: xem các phần Boolean Logic, Arithmetic, Memory và Computer Architecture. Chỉ làm ví dụ cần thiết; đây là kiến trúc Hack. | K44: https://www.nand2tetris.org/course
B45: R4 | C45: RISC-V ISA Manual | H45: Tra ngữ nghĩa và encoding khi làm C03/C10. Dùng làm tài liệu tra cứu sau khi hiểu ví dụ; không yêu cầu đọc hết đặc tả. | K45: https://docs.riscv.org/reference/isa/unpriv/rv32.html
B46: R5 | C46: PicoRV32 | H46: Ứng viên Verilog/PCPI. Repository chính đã archive; cần cân nhắc khả năng tự bảo trì và cố định commit nếu chọn. | K46: https://github.com/YosysHQ/picorv32
B47: R6 | C47: NEORV32 | H47: Ứng viên VHDL có nền tảng SoC và CFU. Kiểm tra ví dụ, board và mức quen VHDL trước khi quyết định. | K47: https://stnolting.github.io/neorv32/
B48: R7 | C48: Vivado Lab Edition | H48: Dùng khi chọn FPGA AMD: nạp/debug thiết bị sau khi đã tạo bitstream. Kế hoạch server/build phải theo board và phiên bản đã chốt. | K48: https://docs.amd.com/r/en-US/ug908-vivado-programming-debugging/Vivado-Lab-Edition
B49: D1 | C49: Đề cương đính kèm | H49: Đề cương nghiên cứu – Nguyễn Hải Minh.docx, mục 2.2, 2.5 và 2.6. Lịch 16 tuần, tải 10 giờ/tuần và tiêu chí học là đề xuất bổ sung của tracker. | K49: Tệp do người dùng cung cấp trong cuộc trò chuyện
B50: R8 | C50: Computer Architecture: A Quantitative Approach, Sixth Edition — Hennessy & Patterson | H50: Sách chính: §1.3; §1.9 tr.52–53; A.9; C.1. Đã đối chiếu các đoạn liên quan để soạn bài ngày 26/10; chưa xác nhận tiến độ học viên. Bài tập RV32I đối chiếu R4. | K50: ../Tài liệu/Computer_Architecture_A_Quantitative_Approach_6th_Edition.pdf
B52: Ưu tiên 26/10–01/11: tab Hoc RV32I tuan, 10 giờ dự kiến học và dựng các khối T3 cho BTL. Đây là phân bổ tuần đang làm, không cộng thêm tải Gantt cũ. Trạng thái Cxx/Pxx chỉ đổi khi có bằng chứng thực tế.
B55: Nếu chưa đạt mốc: dùng giờ dự phòng và sửa kế hoạch tuần, giữ mục chưa đạt ở In Progress/At Risk. Nếu chưa có board, tiếp tục mô phỏng/P&R nhưng P10 và mốc có điều kiện board vẫn chưa hoàn thành. Trong HK1 ưu tiên baseline, 2 kernel và phép đo; custom RTL chỉ thử khi các nền tảng đã ổn. Các trang học liệu được kiểm tra ngày 03/10/2026.

Sheet Bao cao tuan
A1: BÁO CÁO TIẾN ĐỘ HẰNG TUẦN VỚI THẦY HƯỚNG DẪN
A2: Mỗi tuần thứ Hai–Chủ nhật: tiến độ → vấn đề → giải pháp → ý nghĩa thiết kế → kế hoạch tới. Chỉ ghi ngày gửi sau khi thực hiện.
A4: Ngày đầu | B4: 46321 | D4: Ngày báo cáo tuần độc lập với lịch học kỳ/Gantt hiện có. Sửa B4 nếu thầy thống nhất mốc khác. Không suy tiến độ từ ngày lịch.
A6: Tuần | B6: Từ ngày | C6: Đến ngày | D6: Tiến độ và kết quả tuần này | E6: Khó khăn gặp phải | F6: Cách giải quyết | G6: Nhiệm vụ tuần tới | H6: Tệp / liên kết báo cáo | I6: Ngày gửi thầy | J6: Tình trạng báo cáo | K6: Góp ý của thầy | L6: Việc cần làm sau góp ý | M6: Ý nghĩa thiết kế
A7: 1 | B7: =$B$4+7*(A7-1) | C7: =B7+6 | D7: Đã tổ chức sách/bài báo, soạn bài học Word và lịch thực hành; đọc cấu trúc T3. Chưa xác nhận học viên hoàn thành khối hoặc mô phỏng. | E7: Cần nối ví dụ RV64G trong sách với RV32I; T3 còn control tay; cần kiểm chứng U-immediate. | F7: Bài học có nguồn/mục/trang, ví dụ giải và vector expected; kiểm chứng từng khối trong Logisim, ghi actual khi thực hành. | G7: 02–08/11: hoàn tất khối tồn đọng; control, memory và chương trình ROM tự chạy; chỉ học pipeline sau single-cycle ổn định. | H7: weekly/Bao_cao_tuan_01_2026-10-26_2026-11-01.docx | J7: Đang soạn; chưa gửi | M7: Mục tiêu: state/clock, 2R1W, ALUSrc, branch target/decision; học viên bổ sung kết luận sau thực hành.
A8: 2 | B8: =$B$4+7*(A8-1) | C8: =B8+6 | J8: Chưa soạn
A9: 3 | B9: =$B$4+7*(A9-1) | C9: =B9+6 | J9: Chưa soạn
A10: 4 | B10: =$B$4+7*(A10-1) | C10: =B10+6 | J10: Chưa soạn
A11: 5 | B11: =$B$4+7*(A11-1) | C11: =B11+6 | J11: Chưa soạn
A12: 6 | B12: =$B$4+7*(A12-1) | C12: =B12+6 | J12: Chưa soạn
A13: 7 | B13: =$B$4+7*(A13-1) | C13: =B13+6 | J13: Chưa soạn
A14: 8 | B14: =$B$4+7*(A14-1) | C14: =B14+6 | J14: Chưa soạn
A15: 9 | B15: =$B$4+7*(A15-1) | C15: =B15+6 | J15: Chưa soạn
A16: 10 | B16: =$B$4+7*(A16-1) | C16: =B16+6 | J16: Chưa soạn
A17: 11 | B17: =$B$4+7*(A17-1) | C17: =B17+6 | J17: Chưa soạn
A18: 12 | B18: =$B$4+7*(A18-1) | C18: =B18+6 | J18: Chưa soạn
A19: 13 | B19: =$B$4+7*(A19-1) | C19: =B19+6 | J19: Chưa soạn
... A26: 20 | B26: =$B$4+7*(A26-1) | C26: =B26+6 | J26: Chưa soạn

Sheet Hoc RV32I tuan
A1: KẾ HOẠCH HỌC RV32I • 26/10–01/11/2026
A2: 10 giờ dự kiến; ưu tiên tuần này thay phân bổ chi tiết cũ. Không đánh dấu hoàn thành mã học kỳ từ việc soạn tài liệu.
A3: Ngày | B3: Giờ dự kiến | C3: Nội dung | D3: Đầu ra / điều kiện hoàn thành | E3: Mã liên hệ | F3: Nguồn | G3: Trạng thái học | H3: Giờ thực tế | I3: Bằng chứng | J3: Vấn đề / giải pháp | K3: Ý nghĩa thiết kế | L3: Bài học Word
A4: 46321 | B4: 1.5 | C4: Buổi 1: trạng thái, clock, PC | D4: Sơ đồ PC + bảng trước/sau cạnh | E4: C01/C02 | F4: S1, S3, S4 | G4: Chưa thực hiện | L4: Bài học Word
A5: 46322 | B5: 1.5 | C5: Buổi 2: fetch và decode | D5: Hai lệnh đã tách field + ROM index | E5: C03 | F5: S3, S4, T3 | G5: Chưa thực hiện | L5: Bài học Word
A6: 46323 | B6: 2 | C6: Buổi 3: register file và ALU | D6: Kiểm tra cổng ghi/x0 + 11 vector ALU | E6: C02/C03 | F6: S3, T3 | G6: Chưa thực hiện | L6: Bài học Word
A7: 46324 | B7: 1.5 | C7: Buổi 4: immediate và ALUSrc | D7: 6 vector immediate + ADDI âm | E7: C03/C05 | F7: S3, ISA, T3 | G7: Chưa thực hiện | L7: Bài học Word
A8: 46325 | B8: 1.5 | C8: Buổi 5: ghép datapath và PC | D8: Trace ADD/ADDI + 3 tình huống PC | E8: C05 | F8: S3, S4, ISA, T3 | G8: Chưa thực hiện | L8: Bài học Word
A9: 46326 | B9: 1 | C9: Buổi 6: ý nghĩa và hiệu năng | D9: Bài tính time + giải thích liên hệ Ibex | E9: C05/C09 | F9: S1, S2, S4 | G9: Chưa thực hiện | L9: Bài học Word
A10: 46327 | B10: 1 | C10: Rà soát và viết báo cáo tuần | D10: Kết quả thật, vấn đề, giải pháp, ý nghĩa, kế hoạch tới | E10: Báo cáo GVHD | F10: Báo cáo tuần 01 | G10: Chưa thực hiện | L10: Bài học Word
A11: Tổng | B11: =SUM(B4:B10)
